YEAR,Mean Temp (°C),Total Precip (mm)
2013,6.64592145,1013.2
2014,5.99478022,1424.7
2015,5.440821918,1387.3
2016,6.575616438,1073.4
2017,6.524517906,1060.3
2018,6.08056338,1202.3
2019,5.393965517,1198.1
